query_id	query	query_class
0	salon chair	Massage Chairs
1	smart coffee table	Coffee & Cocktail Tables
2	dinosaur	Kids Wall Décor
3	turquoise pillows	Accent Pillows
4	chair and a half recliner	Recliners
5	sofa with ottoman	Sectionals
6	acrylic clear chair	Dining Chairs
7	driftwood mirror	Wall & Accent Mirrors
8	home sweet home sign	Wall Décor
9	coffee table fire pit	Outdoor Fireplaces
10	king poster bed	Beds
11	ombre rug	Area Rugs
12	large spoon and fork wall decor	Wall Décor
13	outdoor privacy wall	Fencing & Accessories
14	beds that have leds	Beds
15	black 5 drawer dresser by guilford	Dressers & Chests
16	blk 18x18 seat cushions	Furniture Cushions
17	closet storage with zipper	Storage Drawers
18	chrome bathroom 4 light vanity light	Vanity Lighting
19	gurney  slade 56	Chandeliers
20	foutains with brick look	Wallpaper
21	living curtains pearl	Curtains & Drapes
22	light and navy blue decorative pillow	Accent Pillows
23	stoneford end tables white and wood	End Tables
24	wood coffee table set by storage	Living Room Table Sets
25	sunflower	Wall Art
26	leather chairs	Accent Chairs
27	outdoor welcome rug	Door Mats
28	rooster decor	Decorative Objects
29	bathroom vanity knobs	Cabinet and Drawer Knobs
30	3 1/2 inch drawer pull	Cabinet and Drawer Pulls
31	burnt orange curtains	Curtains & Drapes
32	dark gray dresser	Dressers & Chests
33	non slip shower floor tile	Floor & Wall Tile
34	bar stool with backrest	Bar Stools
35	enclosed shoe rack	Shoe Storage
36	laundry basket with wheels	Hampers & Baskets
37	bar stool 24 inches height	Bar Stools
38	calvin patio chair	Patio Lounge Chairs
39	door jewelry organizer	Jewelry Armoires
40	elegant executive chair	Office Chairs
41	closet pull out valet rod	Closet Organizer Accessories
42	toddler couch fold out	Kids Chairs
43	solid teak end table	End Tables
44	chrome shower head and valve	Shower Faucets & Systems
45	70s inspired furniture	Wall Art
46	beach blue headboard	Headboards
47	porcelain loaf pan	Bread & Loaf Pans
48	arwen table lamp	Table Lamps
49	moen matte black hooks	Towel & Robe Hooks
50	tufted chair with gold legs	Accent Chairs
51	kohen 5 drawer dresser	Dressers & Chests
52	westling coffee table	Coffee & Cocktail Tables
53	carolyn console table	Sofa & Console Tables
54	wayfair sleep zippered	Mattress Covers and Protectors
55	tollette teal outdoor rug	Area Rugs
56	royal blue counter height chairs	Bar Stools
57	jordanna solid wood rocking	Patio Rockers & Gliders
58	medium size chandelier	Chandeliers
59	broadway lever	Door Levers
60	capricorn chest	Dressers & Chests
61	overstreet rustic pub stools	Bar Stools
62	7qt slow cooker	Crock Pots & Slow Cookers
63	monthly calendar	Memo Boards
64	zachary 72.5	Bookcases
65	gnome fairy garden	Garden Accents
66	novara pergola	Pergolas
67	osgood mirror	Wall & Accent Mirrors
68	nautical platters	Serving Dishes & Platters
69	wall sconce with usb port	Wall Sconces
70	annex dresser	Dressers & Chests
71	infant girl crib bedding	Crib Bedding Sets
72	fold in half table	Folding Tables
73	certified international melamine	Plates & Saucers
74	serta kleinmon	Innerspring Mattresses
75	sheffield home bath set	Bath Rugs & Mats
76	46 inch closet door	Interior Doors
77	sancroft armchair	Accent Chairs
78	dorel vanity	Vanities
79	palram harmony greenhouses	Awnings
80	7 draw white dresser	Dressers & Chests
81	orren ellis l shape desk	Desks
82	bathroom vanity with counter space	Vanities
83	wall art fiji	Wall Art
84	full metal bed rose gold	Beds
85	3/4 size mattress	Foam and Latex Mattresses
86	aloe vera plant pot	Faux Plants and Trees
87	vlad modular sectional	Sectionals
88	rose gold lounge	Indoor Chaise Lounges
89	whimsical solar lights	Landscape Lighting
90	filaret outdoor sofa	Patio Sofas
91	industrial pipe dining  table	Dining Tables
92	antique silver entry table	Sofa & Console Tables
93	outdoor sectional dining	Patio Sofas
94	kohler whitehaven farmhouse kitchen sink	Kitchen Sinks
95	entertainment stand end table	TV Stands & Entertainment Centers
96	bar room wall decor	Wall Décor
97	regner power loom red	Area Rugs
98	gracie oaks 62 oller 14 ceiling fan	Ceiling Fans
99	arched christmas tree	Christmas Trees
100	tufted upholstered bed diamond	Beds
101	48 in entry table with side by side drawer	Sofa & Console Tables
102	flamingo	Garden Statues
103	kitchen anti fatigue mats	Kitchen Mats
104	flour and sugar containers	Canisters & Jars
105	outdoor movie screen	Projector Screens
106	bed risers	Bed Accessories
107	front porch furniture sets	Outdoor Conversation Sets
108	ayesha curry kitchen	Cookware Sets
109	hillsby oriental rug	Area Rugs
110	mila task chair	Office Chairs
111	delta trinsic	Bathroom Sink Faucets
112	pineapple	Decorative Objects
113	led light strip	Under Cabinet Lighting
114	geralyn upholstered storage platform bed	Beds
115	peacock	Wall Art
116	brockham solid blackout thermal grommet curtain panels	Curtains & Drapes
117	tall storage cabinet	Office Storage Cabinets
118	body pillow case	Sheets And Sheet Sets
119	welcome sign	Outdoor Wall Decor
120	zodiac pillow	Accent Pillows
121	upholstered bed	Beds
122	king size bed	Beds
123	entrance table	Sofa & Console Tables
124	unique coffee tables	Coffee & Cocktail Tables
125	boho bed frame	Bed Frames
126	leather dining chairs	Dining Chairs
127	wine bar	Bars & Bar Sets
128	block coffee table	Coffee & Cocktail Tables
129	wainscoting ideas	Molding & Millwork
130	entertainment console	TV Stands & Entertainment Centers
131	kids chair	Kids Chairs
132	farmhouse cabinet	Accent Chests / Cabinets
133	outdoor light fixtures	Outdoor Wall Lights
134	black hanging bookshelf	Bookcases
135	low profile loveseat recliner	Sofas
136	black fluffy stool	Accent Stools
137	orren ellis l shaped desk	Desks
138	glass doors for bath	Shower & Tub Doors
139	auburn throw pillows	Accent Pillows
140	wire basket with dividers	Boxes, Bins, Baskets, & Buckets
141	podium with locking cabinet	Lecterns & Podiums
142	kitchen wooden stand	Specialty Serving
143	queen wingback chair	Accent Chairs
144	rug plum	Area Rugs
145	liberty hardware francisco	Cabinet and Drawer Pulls
146	laundry vanity cabinet	Vanity Bases
147	drum picture	Wall Art
148	industrial	Wall & Accent Mirrors
149	mid century modern	Dressers & Chests
150	dumbbells	Free Weights
151	leather chair	Accent Chairs
152	wishbone chair	Dining Chairs
153	bohemian	Area Rugs
155	floating bed	Beds
156	papasan chair frame only	Accent Chairs
157	velvet chaise	Indoor Chaise Lounges
158	led nightstand	Nightstands
159	meditation	Decorative Objects
160	marble	End Tables
161	accent chair recliner	Recliners
162	turquoise chair	Accent Chairs
163	dual monitor stand	Computer Mounts
164	modern outdoor furniture	Outdoor Conversation Sets
165	kitchen storage shelves	Shelving & Racks
166	feather wall art	Wall Art
167	camper	Sheets And Sheet Sets
168	printers	Carts & Stands
169	coffee bar buffet	Sideboards & Buffets
170	zen	Wall Art
171	nectar queen mattress	Foam and Latex Mattresses
172	picasso	Wall Art
173	bedroom accessories	Bath Accessories
174	star wars rug	Licensed Products
175	basket planter	Planters
176	mexican art	Wall Art
177	rustic storage cabinet	Office Storage Cabinets
178	almost heaven sauna	Saunas
179	promo codes or discounts	Wall Art
180	outdoor lounge cushions	Furniture Cushions
181	e12/candelabra	Light Bulbs
182	penny round tile	Floor & Wall Tile
183	farmhouse bread box	Food Storage & Dispensers
184	sugar canister	Canisters & Jars
185	lunch bag	Picnic Baskets & Coolers
186	board game storage cabinet	Office Storage Cabinets
188	bedroom wall decor floral, multicolored with some teal (prints)	Wall Décor
189	big basket for dirty cloths	Hampers & Baskets
190	benjiamino faux leather power lift chair	Recliners
191	biycicle plant stands	Plant & Telephone Tables
193	belchertown table lamp	Table Lamps
194	black frame 22 x 36	Picture Frames
195	black freestanding tub  with faucet	Tubs And Whirlpools
196	chabely 5 draw chest	Dressers & Chests
197	desk for kids tjat ate 10 year old	
198	cake plates with tops	Specialty Serving
199	blue faux throw with pillows	Accent Pillows
200	ceramic tile sea shell	Floor & Wall Tile
201	delta trinsic double towel hook in champagne bronze	Towel & Robe Hooks
202	full mattress padded liner	Mattress Toppers and Pads
203	ge top loading washer 4.5	Washing Machines
204	fleur de lis living candle wall sconce bronze	Candle Holders
205	ines shag rug w003096809	Area Rugs
206	grill cover 73	Covers & Carry Bags
207	dull bed with shirt head board	
208	"fawkes 36"" blue vanity"	Vanities
209	door pulls bronze matte 4 inch	Cabinet and Drawer Pulls
210	love seat wide faux leather tuxedo arm sofa	Sofas
211	memory foam rug galveston	Bath Rugs & Mats
212	nettie 5 pc bar set	Patio Bar Sets
213	kraus kitchen sink faucet oletto kpf 2820 sfs	Kitchen Faucets
214	light wood nightstand with silver accents	Nightstands
215	king adjustable bed including mattress	Adjustable Beds
216	music plug wall plate	Wall Plates
218	wand bunk beds	
219	trinaic towel rod	
220	sheets for twinxl	Sheets And Sheet Sets
221	small space dining table and chairs sets	Dining Table Sets
222	small loving roomtables	
223	wisdom stone river 3-3/4	Cabinet and Drawer Pulls
224	twin over full bunk beds cool desins	
225	white splashproof shiplap wallpaper	Wallpaper
226	power lift chair	Recliners
227	owl	Garden Statues
228	bee	Glassware & Barware
229	waterfall faucet	Bathroom Sink Faucets
230	gold	Decorative Objects
231	anti fatigue mat	Kitchen Mats
232	storage dresser	Dressers & Chests
233	kelly clarkson light fixtures	Flush Mount Lighting
234	artificial orchid arrangement	Faux Florals
235	bathroom wastebasket	Trash Cans & Recycling
236	3 piece rug set with runners	Area Rugs
237	cloud modular sectional	Sectionals
238	outdoor seat/back cushion	Furniture Cushions
239	bathroom single faucet	Bathroom Sink Faucets
240	eiffel tower wall art	Wall Art
241	decorative wall clocks	Wall Clocks
242	accent leather chair	Accent Chairs
243	indoor multi tiered plant stand	Plant & Telephone Tables
244	pull out sleeper loveseat	Sofas
245	anchor decor	Wall Décor
246	clear shower curtain	Shower Curtains
247	beaded curtains	Curtains & Drapes
248	surge protector	Lighting Accessories
249	bistro table and chairs	Patio Dining Sets
250	multi color rug	Area Rugs
251	coffee container	Canisters & Jars
252	accent chairs living room	Accent Chairs
253	antique brass faucet	Bathroom Sink Faucets
254	comfortable accent chair	Accent Chairs
255	desk and chair set	Office Chairs
256	high weight capacity bunk beds	Kids Beds
257	living room coffee table sets	Living Room Table Sets
258	breakfast bar table	Dining Table Sets
259	nursery end table	End Tables
260	retractable side awning	Awnings
261	semi flush foyer light	Flush Mount Lighting
262	bathroom freestanding cabinet	Bathroom Storage
263	small curtain rods	Curtain Hardware & Accessories
264	cortez pillow	Accent Pillows
265	candace wingback upholstered bed	Beds
266	champagne velvet desk chair	Office Chairs
267	dolomite subway tile	Floor & Wall Tile
268	betty resin free standing umbrella	Patio Umbrella Stands & Bases
269	donaldson teak couch	Patio Sofas
270	edge chair mat	Chairmats
271	chinese flower stand	Plant & Telephone Tables
272	oliver parsons	Dining Chairs
273	stainless steel free standing shower caddy	Shower & Tub Accessories
274	gowdy height adjustable standing desk	Desks
275	hinged square ottoman	Ottomans
276	chaves l-shape floating desk with hutch	Desks
277	barstool patio sets	Patio Bar Stools
278	parakeet toy	Bird Play Stand & Playcenters
279	marlon tufted queen bed	Beds
280	johan desk by laurel foundry	Desks
281	brunk ship wheel	Decorative Objects
282	grantola wall mirror	Wall & Accent Mirrors
283	gaia driftwood table	Dining Tables
284	family lamp	Table Lamps
285	"48"" sliding single track , barn door for laundry"	Barn Door Hardware
286	hitchcock mid-century wall shelf	Wall Mounted Shelves
287	cover set for outdoor furniture	Furniture Covers
288	round outdoor patio cover	Furniture Covers
289	coma inducer comforter king set	Bedding Sets
290	mission double vanity	Vanities
291	front door cabinet with doors	Accent Chests / Cabinets
292	decorative white pillow	Accent Pillows
293	wood floor protector mat	Chairmats
294	moen multi function dual shower head	Shower Heads
295	end table between recliners	End Tables
296	zakariyah twin platform	Kids Beds
297	seat cushions desk	Chair Accessories
298	small woven pouf	Ottomans
300	animal print handmade tufted wool beige/black area rug by allmodern	Area Rugs
301	circle cabinet pulls	Cabinet and Drawer Pulls
302	mattress foam topper queen	Mattress Toppers and Pads
303	hawaii vintage art	Wall Art
304	merlyn 6	Outdoor Conversation Sets
305	ligth bulb	Light Bulbs
306	mobley zero gravity adjustable bed with wireless remote	Adjustable Beds
307	real touch roses floral arrangements in glass vase	Faux Florals
308	led 60	Light Bulbs
309	moen 5995 arbor one	Kitchen Faucets
310	meade mirror	Wall & Accent Mirrors
311	odum velvet	Sofas
312	coat rack for bedroom	Coat Racks and Hooks
313	malachi sled	Coffee & Cocktail Tables
314	body pillow and case	Sheets And Sheet Sets
315	medium clips	Uniters Outdoor Furniture
316	rolande heavy duty power lift assist recliner	Recliners
317	hulmeville writing desk with hutch	Desks
318	sunjoy lantern	Outdoor Lanterns & Lamps
319	landis wall mounted bathroom shelves	Bathroom Storage
320	blaylock bookcase headboard	Headboards
321	hussain handmade tufted magenta rug	Area Rugs
322	cream queen duvet cover	Bedding Sets
323	hub leaning full length mirror	Wall & Accent Mirrors
324	chase utility laundry cart	Laundry Accessories & Storage
325	outdoor waterproof chest	Deck Boxes
326	bowersville ladder writing desk	Desks
327	kohler purist brushed bronze	Bathroom Sink Faucets
328	golub dining table	Dining Tables
329	wayfair tension rod	Curtain Hardware & Accessories
330	kari 2 piece	Outdoor Conversation Sets
331	upholstered girls bed	Beds
332	attleboro drum coffee table	Coffee & Cocktail Tables
333	stainless steel colander set	Strainers, Colanders, & Salad Spinners
334	itchington butterfly	Dining Tables
335	canadian	Wreaths
336	mystic swivel	Accent Chairs
337	iittala bowl	Dining Bowls
338	mahone porch rocking chair	Patio Rockers & Gliders
339	ruckus chair	Accent Chairs
340	berenice 4 storage cabinet	Office Storage Cabinets
341	canvas map art	Wall Art
342	brendon counter stool	Bar Stools
343	navy and peach bedding	Bedding Sets
344	ottoman bed queen	Ottomans
345	oriental vanity	Makeup Vanities
346	nesting tray set	Decorative Trays
347	olive green console table	Sofa & Console Tables
348	one alium way	Sofas
349	mud room sign	Wall Décor
351	white bathroom vanity black hardware	Vanities
352	amarillo	Wall Art
353	pennfield playhouse	Playhouses & Play Tents
354	tressler rug	Area Rugs
355	argenteuil	Wall Art
356	platform bed side table	End Tables
357	tall free standing pet gate	Pet Gates
358	sliding closet mirror	Wall & Accent Mirrors
359	french molding	Molding & Millwork
360	huntsville sectional sofa	Sectionals
361	kisner	Wall Art
362	brushed gold wall decor	Wall Décor
363	fortunat coffee table	Coffee & Cocktail Tables
364	croscill ashton	Accent Pillows
365	gas detector	Smoke & CO Detectors
366	drudge report	Wall Art
367	wooden chair outdoor	Patio Lounge Chairs
368	pasta tools	Cooking Utensils
369	wrought tv stand	TV Stands & Entertainment Centers
370	rug for teen room	Area Rugs
371	milk cow chair	Accent Chairs
372	verden callan	Door Knobs
373	togo chair	Accent Chairs
374	sinks bed frame	Kitchen Sinks
375	pastel pink desk chair	Office Chairs
376	island estate coffee table	Coffee & Cocktail Tables
377	glinda upholstered bench	Benches
378	cliffside 5 light candle style drum chandelier	Chandeliers
379	urban outfitters duvet	Bedding Sets
380	gravity feeder	Dog and Cat Bowls, Feeders & Accessories
381	farmhouse hood vent	Range Hoods
382	counter top one cup hot water dispenser	Kitchen Faucets
383	minnestrista	Wall Art
384	dining table vinyl cloth	Dining Linens
385	mom urn	Vases, Urns, Jars, & Bottles
386	alter furniture	Outdoor Conversation Sets
387	self enclosed planters	Planters
388	outdoor sectional doning	Outdoor Conversation Sets
389	brush nickel faucet bathroom	Bathroom Sink Faucets
390	cushion replacement insert	Furniture Cushions
391	"writing desk 48"""	Desks
392	china clock	Wall Clocks
393	propane gas dryer	Dryers
394	gray leather cocktail table	Coffee & Cocktail Tables
395	pantry grey	Pantry Cabinets
396	alyse 8 light	Chandeliers
397	maryford queen tufted bed	Beds
398	super bright lights	Pendant Lights
399	12v dirt bike	Ride-On Toys
400	small ladies rocker swivel recliner	Recliners
401	glass lsmp shades	Lighting Shades
402	modern farmhouse lighting semi flush mount	Flush Mount Lighting
403	wood rack wide	Log Storage
404	large cushion outdoor chair	Furniture Cushions
405	queen ann style living room chair	Accent Chairs
406	refrigerator with ice an water in door	Refrigerators
407	huge bookcase	Bookcases
408	girl reading statue	Garden Statues
409	teal chair	Accent Chairs
410	pool floats	Lawn Games
411	outdoor clock	Weather Instruments
412	jennie tufted upholstered low profile platform bed	Beds
413	burruss patio sectional with cushions	Outdoor Conversation Sets
414	shower hooks	Shower Curtain Hooks and Accessories
415	toilet paper stand	Toilet Paper Holders
416	wayfair coffee table	Coffee & Cocktail Tables
417	twin bed frame	Bed Frames
418	writing desk	Desks
419	living room ideas	Living Room Sets
420	tile backsplash	Floor & Wall Tile
421	dining room tables	Dining Tables
422	ergonomic chair	Office Chairs
423	wall shelves	Wall Mounted Shelves
424	wayfair comforters	Bedding Sets
425	side table with storage	End Tables
426	outdoor storage	Deck Boxes
427	lowes tile	Floor & Wall Tile
428	kitchen storage cabinet	Pantry Cabinets
429	gray dresser	Dressers & Chests
430	30 inch bathroom vanity	Vanities
431	shoe bench entryway	Shoe Storage
432	butcher block island	Kitchen Islands
433	trundle daybed	Daybeds & Guest Beds
434	bathroom lighting	Vanity Lighting
435	shoe closet	Shoe Storage
436	full bed with trundle	Kids Beds
437	kitchen islands with seating	Kitchen Islands
438	indoor water fountain	Fountains
439	parsons chairs	Dining Chairs
440	wood bar stools	Bar Stools
441	desk for kids	Kids Desks
442	above toilet cabinet	Bathroom Storage
443	patio design	Outdoor Conversation Sets
444	outdoor lounge chair	Patio Chaise Lounges
445	chaise lounge couch	Sectionals
446	card table	Folding Tables
447	tall buffet cabinet	Sideboards & Buffets
448	bed side table	End Tables
449	living room designs	Living Room Sets
451	aiden black velvet bed	Beds
452	day bed indian	Daybeds & Guest Beds
453	midcentury tv unit	TV Stands & Entertainment Centers
454	carpet 5x6	Area Rugs
455	deer coat hooks	Coat Racks and Hooks
456	wall design shelf	Wall Mounted Shelves
457	5 gang light switch	Wall Plates
458	bubble guppies chair	Dining Chairs
459	tye dye duvet cover	Bedding Sets
460	small wardrobe grey	Armoires & Wardrobes
461	luau string lights	String Lights
462	large bases	Patio Umbrella Stands & Bases
463	bistro sets patio	Patio Dining Sets
464	cake cutlery	Flatware Serving Pieces
465	white abstract	Area Rugs
466	rock climbing wall kids	Swing Set Accessories
467	town & country living curtains	Curtains & Drapes
468	glow in the dark silent wall clock	Wall Clocks
469	garage sports storage rack	Bike And Sport Racks
470	elephant framed	Wall Art
471	adjustable height artist stool	Bar Stools
472	window wall accent	Wall Décor
473	chair pillow cushion	Furniture Cushions
474	48 inch bathroom vanity with trough sink	Vanities
475	rattan truck	Ride-On Toys
476	hardwood beds	Beds
478	worn leather office chair	Office Chairs
479	garage door mail slot	Mailboxes
480	pictures to hang over fireplace	Wall Art
481	emma headboard	Headboards
482	48 inch kitchen hood	Range Hoods
483	rustic twig	Faux Plants and Trees
484	nespresso vertuo next premium by breville with aeroccino	Espresso Machines
485	pedistole sink	Kitchen Sinks
486	54 in bench cushion	Furniture Cushions
487	rack glass	Candle Holders
